type,name,module,path,hash
"csv","agent-manifest","_cfg","_cfg/agent-manifest.csv","f9f3926c6882c3589cc6e2de5894737051feeb2bad5b276d8688b70286fbe082"
"csv","task-manifest","_cfg","_cfg/task-manifest.csv","49c29339f832bacd13aff9f355e86bee5e56091364f17a00c1cf494a1a3f83f2"
"csv","workflow-manifest","_cfg","_cfg/workflow-manifest.csv","0519182e55f75864feaf00a5378855667e701e7340714872bd6c685f5dda9424"
"yaml","manifest","_cfg","_cfg/manifest.yaml","d5469807d5b2b4a3fd65d80f45e2f2845efc7a587891fd96c0c0592088a4f0fd"
"csv","default-party","bmm","bmm/teams/default-party.csv","630635c10c15c8a4f249c216a4a0bd38d25944b3a05c43b3d2c5f468bdd7c567"
"csv","documentation-requirements","bmm","bmm/workflows/document-project/documentation-requirements.csv","efc91d54787939a2dd2c22400e6b9b6f58835a741ea557e8971b5b333ce666e8"
"csv","domain-complexity","bmm","bmm/workflows/2-plan-workflows/prd/domain-complexity.csv","b74c413a885918ef62f90d61889e4e8c64aea3d26d357c6b1cc5054092274783"
"csv","domain-complexity","bmm","bmm/workflows/3-solutioning/architecture/data/domain-complexity.csv","330804ddc10a3d3d57308bc11771073705d67f2139ee7cb519ccd7ebd92f8e29"
"csv","project-types","bmm","bmm/workflows/2-plan-workflows/prd/project-types.csv","2ea18a3e100f51cf26f0311949e7b7f76c6005e85271df0afd8d1b5632faaf57"
"csv","project-types","bmm","bmm/workflows/3-solutioning/architecture/data/project-types.csv","a2ae4c8f0b8f2dcfe8d6b71588e79dcfa209b54abb51e83382c483dc8a8f1683"
"csv","tea-index","bmm","bmm/testarch/tea-index.csv","4dd16c0db1c4c135808d9acb05432b315dd25b442b7806aada03639ca381323f"
"excalidraw","workflow-method-greenfield","bmm","bmm/docs/images/workflow-method-greenfield.excalidraw","54e41b94e2ff2b7e7c8492f9199b355f9631aace76022c094d6fb4b6e6cb5889"
"json","excalidraw-library","bmm","bmm/workflows/diagrams/_shared/excalidraw-library.json","4c00ec7431643aad652c91ce6f655882fffa3a99da1a8c810c226490560f24a5"
"json","project-scan-report-schema","bmm","bmm/workflows/document-project/templates/project-scan-report-schema.json","4c27adf9407907f31150d03d233f782f165aae9f754ecfa5532d0eed36c8bc94"
"md","agents-guide","bmm","bmm/docs/agents-guide.md","42d1f1270d3b91ddb80299cdc020ce0419b1b3245a2c481fc3bbe82e49ade93f"
"md","api-documenter","bmm","bmm/sub-modules/claude-code/sub-agents/bmad-analysis/api-documenter.md","34e5dc7ba546dd3ffd9de2af581e0b7b73ba898d8c90293a65b9bbcc87ee5933"
"md","api-request","bmm","bmm/testarch/knowledge/api-request.md","33ad7ae30177c9887f1386f8eed977eac3cf13410c0ecb449914baecfc0195ae"
"md","architecture-decision-template","bmm","bmm/workflows/3-solutioning/architecture/architecture-decision-template.md","5dbd9b0a8d27f5e025eb8b98343f7f917df73dcbd304e027d432ea1f1f02e5b2"
"md","architecture-decision-template","bmm","bmm/workflows/3-solutioning-zh/architecture/architecture-decision-template.md","cc3294af3b13d8269b32d799c80a4e33caa4dfadba83e34838b3936cea9c34fd"
"md","atdd-checklist-template","bmm","bmm/workflows/testarch/atdd/atdd-checklist-template.md","83fb53c25252d8e5d108ab4bde026e5305cdea4d5a9252ef18e9687dda36e2ee"
"md","auth-session","bmm","bmm/testarch/knowledge/auth-session.md","e4f2f7f57e4c818c03aff084be6f6ceb7eb8bb08d0ba9fe5196423f592fbbd50"
"md","bmad-quick-flow","bmm","bmm/docs/bmad-quick-flow.md","1fdaa77658653ffc7d1d3f9b6a40bddbe4a3fbdae916ec82a2bb0054d1b700a5"
"md","brownfield-guide","bmm","bmm/docs/brownfield-guide.md","83c840d4f09d815264a5c2c3367fe7ddc3c944453e0e817851292d6df1e6d117"
"md","burn-in","bmm","bmm/testarch/knowledge/burn-in.md","e2d9e0f3a1072f24f07d0dc555af1e2e7c632257acf9bc9f957aba33e70483ec"
"md","checklist","bmm","bmm/workflows/4-implementation/code-review/checklist.md","dce9eaefa805082b447b2db3cef98cba72d71eb9fae62c7ebd5c0760340134cb"
"md","checklist","bmm","bmm/workflows/4-implementation/correct-course/checklist.md","88590a144d5e60ff8c3a303c2f967c9d398cc309dab7d1936881a1c18f692a6a"
"md","checklist","bmm","bmm/workflows/4-implementation/create-story/checklist.md","ddb4629f456d0d15bf208dee1e4c932e94fe5598d02fe19161f520f7f36772a5"
"md","checklist","bmm","bmm/workflows/4-implementation/dev-story/checklist.md","92c016af009753dd0d09100ab817692ee1fe32d8a1aafdb9129d31ca4e969fd1"
"md","checklist","bmm","bmm/workflows/4-implementation/sprint-planning/checklist.md","cc4f8e9411dbf9e644333790f867d74027aae3721cbc7f11d574536bf903a0aa"
"md","checklist","bmm","bmm/workflows/4-implementation-zh/code-review/checklist.md","c95e9853f4967ba8d10dc2b43e2175e9351bd37d5512b433284a160e14dcf355"
"md","checklist","bmm","bmm/workflows/4-implementation-zh/correct-course/checklist.md","551c114c44c1923ddc6ce3de19e767370be12b3b95f69aa2a87ee080e8dd2e0f"
"md","checklist","bmm","bmm/workflows/4-implementation-zh/create-story/checklist.md","ab3362ff929d23f2a277a972251998eb0297e69b9a4ea27151dd0df873d557c4"
"md","checklist","bmm","bmm/workflows/4-implementation-zh/dev-story/checklist.md","ed1a6874621f4bb5b546b27a181fef25ec43ff825d2608e91fd1ec8020645858"
"md","checklist","bmm","bmm/workflows/4-implementation-zh/sprint-planning/checklist.md","7addf9c97284f39a68a12798862a3195996c3189198c4dc83bfa8a474b92dba9"
"md","checklist","bmm","bmm/workflows/bmad-quick-flow/quick-dev/checklist.md","9cbe1c88f133aba49afe71c9e22bdd0af6ddbfe4841787d1d3423a507fea5d2e"
"md","checklist","bmm","bmm/workflows/diagrams/create-dataflow/checklist.md","9ad98c97dae6dfe8f8f691a9f358cdca231a5f816fca116f61c45efade9401db"
"md","checklist","bmm","bmm/workflows/diagrams/create-diagram/checklist.md","1deb56994883395a436d74a20a8e06c14c415b34c178a20bc5b60a30f7cd9e0f"
"md","checklist","bmm","bmm/workflows/diagrams/create-flowchart/checklist.md","13a309faf96c2114bb456b68b12bb96355dfe19a33ef6207fffa1c26e8056585"
"md","checklist","bmm","bmm/workflows/diagrams/create-wireframe/checklist.md","fd6bebe3e678b87bca24cc46b846bbc115d4dc6b08863bb8be54677c71c426a2"
"md","checklist","bmm","bmm/workflows/document-project/checklist.md","baa831e15cdd3f40e286a50caf798ac6dcd76f20b1cf8b01a09f26f2c937b2a7"
"md","checklist","bmm","bmm/workflows/testarch/atdd/checklist.md","10835403aae2bf2f4c90558a139e0d36e07edac71072966a2d54fb4518ca1a98"
"md","checklist","bmm","bmm/workflows/testarch/automate/checklist.md","034025f155c51cc8ce970041b34720996b8a7232991a36ea378e229b4ebf855c"
"md","checklist","bmm","bmm/workflows/testarch/ci/checklist.md","6d5b8db74a03066cac04d8faab81c67bf6247aac3b36cec544b6dd1847a023c2"
"md","checklist","bmm","bmm/workflows/testarch/framework/checklist.md","4b6701e337d74e69bf66149b6f885940076756b67b26928454d706a0a1d380b2"
"md","checklist","bmm","bmm/workflows/testarch/nfr-assess/checklist.md","cd3a06a4c36557f28d93fb78766c96fb39db57c399187a26f056ebd63ef7de74"
"md","checklist","bmm","bmm/workflows/testarch/test-design/checklist.md","e1209bd44650f15b7b872d59a1c8066911bed5062f44e73baa78fb9289a32587"
"md","checklist","bmm","bmm/workflows/testarch/test-review/checklist.md","4513e00ce1966b81432b494bc5954122851da51b170a3fc55ad3872aec37c929"
"md","checklist","bmm","bmm/workflows/testarch/trace/checklist.md","58d75317202230e58e43adb9b711f2bba4a5e0ea1ad5c1ab4b8a9064ed007625"
"md","ci-burn-in","bmm","bmm/testarch/knowledge/ci-burn-in.md","ab44deb365af6f84960407ed9be6f8e6d98e8c5d038b89afa722b2c093d73cf6"
"md","codebase-analyzer","bmm","bmm/sub-modules/claude-code/sub-agents/bmad-analysis/codebase-analyzer.md","6b9bc9cc85aa0c71a867ffdf861375eda7772e7a1afa8fe513d7efa408ba681d"
"md","component-tdd","bmm","bmm/testarch/knowledge/component-tdd.md","1acb4c48b2f924f60ed6784955597c17120466d5dc24d2e43e4b0a1bd0e61aae"
"md","contract-testing","bmm","bmm/testarch/knowledge/contract-testing.md","1d90624821dc9cbbffe41567ec05045b3f5f634c5208ff0151e946520a3d484b"
"md","data-analyst","bmm","bmm/sub-modules/claude-code/sub-agents/bmad-analysis/data-analyst.md","77d9e6b95c2097a821dbbfbb2944f346ff65a577aefad4792a5a5059080592e7"
"md","data-factories","bmm","bmm/testarch/knowledge/data-factories.md","c98dab79a9064d45402dbe0a5c25a1d82b53557c56e3f142023bf907e2b98d53"
"md","deep-dive-instructions","bmm","bmm/workflows/document-project/workflows/deep-dive-instructions.md","6ee83a843f26e4b304fc8831d8a51e67b1f7d5bd9884af7e46ad64c2a4938986"
"md","deep-dive-template","bmm","bmm/workflows/document-project/templates/deep-dive-template.md","2d098bb425f58d1d49ab5c6b7c1a8c92af9271d281bacafe000fed059a1a206d"
"md","dependency-mapper","bmm","bmm/sub-modules/claude-code/sub-agents/bmad-planning/dependency-mapper.md","029078feaaba58ba79018ebf39640665af7ab9c00585316b8c5809a5395f5d35"
"md","document-reviewer","bmm","bmm/sub-modules/claude-code/sub-agents/bmad-review/document-reviewer.md","24435d1983b21d00a7bf66660e3cf6b9e8d11d745a813c7feb155449d850c7db"
"md","documentation-standards","bmm","bmm/data/documentation-standards.md","33e2d40c757308a5ca29f18e24f389bacb7347450b3f5041bd2f78cb7f763f85"
"md","email-auth","bmm","bmm/testarch/knowledge/email-auth.md","1265f30cdd7b85f164769abf4f6ea86b6abec3acd90653e646a9c9ee17176963"
"md","enterprise-agentic-development","bmm","bmm/docs/enterprise-agentic-development.md","426fae53bbd0101249a95f80c2e29688656b0fd730dc8702d79c735dc435a0c0"
"md","epic-optimizer","bmm","bmm/sub-modules/claude-code/sub-agents/bmad-planning/epic-optimizer.md","23f5444c0edb1e58acf8c895a5c10e25deb5ccd0ae27baf99c6d4b2fa1a5f504"
"md","epic-template","bmm","bmm/workflows/3-solutioning-zh/create-epics-and-stories/templates/epic-template.md","acf2d862545aa9cdb5e633167672d229db6e158e7d30edf989c9580cf39911ed"
"md","epics-index-template","bmm","bmm/workflows/3-solutioning-zh/create-epics-and-stories/templates/epics-index-template.md","86dd416bc39f92a20555a7180ead39881f25eaaf2138d6d5ee19cbaaa611e9ef"
"md","epics-template","bmm","bmm/workflows/3-solutioning/create-epics-and-stories/templates/epics-template.md","01a447a3035879897661b793ddcdc77beea407b583232a7c6ddf46eabc51c817"
"md","epics-template","bmm","bmm/workflows/3-solutioning-zh/create-epics-and-stories/templates/epics-template.md","bdaf7e12fa38e8f1a75a80d475ca6c753202d34b8b6315a0b3b9fff6df8bfdbe"
"md","error-handling","bmm","bmm/testarch/knowledge/error-handling.md","86c04dd03ff81340eb99bdfe200f8d6a51c99a2199fb80a0046f9cb312d7c440"
"md","faq","bmm","bmm/docs/faq.md","ccc44af68a759c53bb17ffc53adadbce13e4df004b4e91d058372ffa95f92f2b"
"md","feature-flags","bmm","bmm/testarch/knowledge/feature-flags.md","91d8753aaab3ae974ab9ab5a4651dd39e147fe5ac1b9e74620dd1901efc8e93f"
"md","file-utils","bmm","bmm/testarch/knowledge/file-utils.md","933ad88b4df92b110597456816ae8a3945dc5173b33cadfe6e1d9dc8b1af1274"
"md","fixture-architecture","bmm","bmm/testarch/knowledge/fixture-architecture.md","e578e2164ba7d60818a910242d9bc03413724bae3e8e5a5f03192b3c3076d83d"
"md","fixtures-composition","bmm","bmm/testarch/knowledge/fixtures-composition.md","5031a64c2b00784b9a0dcb18eaf2beb7f9a8a0d7727acfd0e27430b316e696f1"
"md","full-scan-instructions","bmm","bmm/workflows/document-project/workflows/full-scan-instructions.md","c0e8151b7079442c16c2445bfeb574f214d5cd6c83b7ed679c57ca63599c3b32"
"md","glossary","bmm","bmm/docs/glossary.md","b58cb8edc2cf63fde1b4c18ec4a4f3eb6242e4c5fabbb396d7a9cf75b66d12a5"
"md","index-template","bmm","bmm/workflows/document-project/templates/index-template.md","0e077c2d9d9ccb149a64ed82e67914d90571e23696687cf7a08ac5f2a8b18306"
"md","instructions","bmm","bmm/workflows/4-implementation/correct-course/instructions.md","7644f8184f1fb853f46096fb9c3688b5e656062cfebdb9604d6ca003cab98662"
"md","instructions","bmm","bmm/workflows/4-implementation/retrospective/instructions.md","0ca18a06c23d9285d75fa68d0bd01a81dc4ef416f89d1299f91edfccdab1731d"
"md","instructions","bmm","bmm/workflows/4-implementation/sprint-planning/instructions.md","8819f784ff5395940020e5c89efbc0948042086504e967ad9359dab771159471"
"md","instructions","bmm","bmm/workflows/4-implementation/sprint-status/instructions.md","608a2a55a8133e2ceb3c3a213b113a6f529ed3d185cc569b8fb9bc641e2fe229"
"md","instructions","bmm","bmm/workflows/4-implementation-zh/code-review/instructions.md","d99391a47b6bfbcfdf2814691f6835a9b5e07f18618631e745526cef60cbc294"
"md","instructions","bmm","bmm/workflows/4-implementation-zh/correct-course/instructions.md","901df8a808e2850ccfc42ca74a337d17bcdb0c941e9e5375b7ef95043539d64b"
"md","instructions","bmm","bmm/workflows/4-implementation-zh/create-story/instructions.md","9a5fb3c4bc1eef8ec003835e74e90271fdd31cf80e13d16da06cbd3466e42b96"
"md","instructions","bmm","bmm/workflows/4-implementation-zh/dev-story/instructions.md","102f6d9f472ed407f6a01c58fb0a61514fb4cf20c6b9fa1b20c8cd945f3fa0bf"
"md","instructions","bmm","bmm/workflows/4-implementation-zh/retrospective/instructions.md","471fa96838b96ca5bb58ed61fce1ba6b4efb7291b2998c5f87c55e59f63fbbff"
"md","instructions","bmm","bmm/workflows/4-implementation-zh/sprint-planning/instructions.md","91f3ad36c009290cd3937f0c7dc15ab92dcc26bf0ff6a4137164636bf6978a61"
"md","instructions","bmm","bmm/workflows/4-implementation-zh/sprint-status/instructions.md","8f8b13a092948970256b2084f797ec95e0373abd1ad8ae1bbfa789e18d854852"
"md","instructions","bmm","bmm/workflows/bmad-quick-flow/create-tech-spec/instructions.md","108502c9443b8152f5f4ac4c95af6872f7f551a2652109f0bd9dbb91647e20fa"
"md","instructions","bmm","bmm/workflows/bmad-quick-flow/quick-dev/instructions.md","5bf0e51f28ffaa5d4e6e732b7d30f2b48a42888b9ac93889012903311f1ff736"
"md","instructions","bmm","bmm/workflows/diagrams/create-dataflow/instructions.md","a66a78e197b329a10971e75c206a416b43f6bab491589a96db15ebf82a366825"
"md","instructions","bmm","bmm/workflows/diagrams/create-diagram/instructions.md","45d2ea6b77354ca2a60ef32f67aa9d37502414f80dc023eacf51325b087dde26"
"md","instructions","bmm","bmm/workflows/diagrams/create-flowchart/instructions.md","6f1ce2b9bc3985b5dd8487a632df2eceafe23dc6b2740240a1df231d5731868c"
"md","instructions","bmm","bmm/workflows/diagrams/create-wireframe/instructions.md","e639a599fdb3979286da58321032878ab10e0d314d8c3f8018f0debf1f0e9c0c"
"md","instructions","bmm","bmm/workflows/document-project/instructions.md","5c8d097bf7810a607b4a01084dee18cde0067d10af11f8357fc1cf215569b2ee"
"md","instructions","bmm","bmm/workflows/testarch/atdd/instructions.md","643173cec8c4148945429c0e9af49517f913d80087dec2a25cf50c94d2f1176a"
"md","instructions","bmm","bmm/workflows/testarch/automate/instructions.md","08a33edd3fd98dc99e30117cab77c6684c09bd349a06478a24e60257ba8ad3f7"
"md","instructions","bmm","bmm/workflows/testarch/ci/instructions.md","e63597c42b1da3e1ba7ed846ea023504e53f1430d66a567234444286d2087f9e"
"md","instructions","bmm","bmm/workflows/testarch/framework/instructions.md","3ed942f4ddb0fa41d9571294883bc6e050f955360c46acf128f9b8c712eadfa8"
"md","instructions","bmm","bmm/workflows/testarch/nfr-assess/instructions.md","ea65c7f384d3961108737e8da91c94d8a120fc6f1b1273abd57718103a7f4cc5"
"md","instructions","bmm","bmm/workflows/testarch/test-design/instructions.md","0e5d5f029d6d241956887de1b53b082f88a116edcff02bd85dc2cf5a36c436c0"
"md","instructions","bmm","bmm/workflows/testarch/test-review/instructions.md","08712e2c8557e76fa969b7e98b6171b62c4cec2eaba19cee47f2b2e7bdd96c25"
"md","instructions","bmm","bmm/workflows/testarch/trace/instructions.md","a3abd6c56f45ecada9819f0fb5df73edb5531e06709eb22b4d07f7b08e3adbe3"
"md","instructions","bmm","bmm/workflows/workflow-status/init/instructions.md","5886e3f5a75966f07079212dca164caa5834749a9853b538bc42bb7b6c3ba16d"
"md","instructions","bmm","bmm/workflows/workflow-status/instructions.md","049bc2ba38530d24f35c3f695a2eef874783140d71b022fdae4bd39224075af4"
"md","intercept-network-call","bmm","bmm/testarch/knowledge/intercept-network-call.md","6c731a6ecdf7bab7d04b94afd9be02b2be6ee683754663c387311a15b77ef0a2"
"md","log","bmm","bmm/testarch/knowledge/log.md","ce53ed8940006468610f6fb1ca5b9425267f00da0b962a5041dd726adb2b8ecb"
"md","market-researcher","bmm","bmm/sub-modules/claude-code/sub-agents/bmad-research/market-researcher.md","b7d82fd51b0e606005203bdf563d6dee3f23cf3beeeafc3620c59567fc49925a"
"md","network-error-monitor","bmm","bmm/testarch/knowledge/network-error-monitor.md","a17a37988e73aa50bd73fd4200a5e8aa78b09387987652a3e02a6e07c315cb40"
"md","network-first","bmm","bmm/testarch/knowledge/network-first.md","257fe61ec77020d024f7ddf4f6c5c965f6c4632a469d942278c7337abc8621b7"
"md","network-recorder","bmm","bmm/testarch/knowledge/network-recorder.md","d9e896ca96c04489b06baf75aa813a045cfc69603a9bd7380678b469ed7dea93"
"md","nfr-criteria","bmm","bmm/testarch/knowledge/nfr-criteria.md","5d5f9acfeb6a98f2ef7ee8707bbac3ab37d9c191c443c1e944dee70cf3f9963a"
"md","nfr-report-template","bmm","bmm/workflows/testarch/nfr-assess/nfr-report-template.md","00438049a57791638941b18cb93a1d07ed2a969f5b725ac78ca77be0f06f7d54"
"md","overview","bmm","bmm/testarch/knowledge/overview.md","a5a47d10e854d3951e3e7ab9657d31171ef3633f3739f1539b231a726603f577"
"md","party-mode","bmm","bmm/docs/party-mode.md","f68ebbc30ab7df4f4222b6faf108befcf09d1520e7605fc0147f65b6491d4057"
"md","pattern-detector","bmm","bmm/sub-modules/claude-code/sub-agents/bmad-analysis/pattern-detector.md","8ebbb124bf6f1f2eda553fd4a84d181dae7153fce8bf394e88a94b71475e98de"
"md","playwright-config","bmm","bmm/testarch/knowledge/playwright-config.md","0aad9401ce1f701925ba05f9bf6ff66c13fdf5d797593486de9d0e74a74cf9cd"
"md","prd-template","bmm","bmm/workflows/2-plan-workflows/prd/prd-template.md","789d02ee98d524bb7f66a6dd60f34ba03da858e4813207a40c86d2bb0f07280a"
"md","prd-template","bmm","bmm/workflows/2-plan-workflows-zh/prd/prd-template.md","9fcded7a71834a17dcaf3170d5471fefa37d3ffc3df5dfdb8763a644abfc9b42"
"md","probability-impact","bmm","bmm/testarch/knowledge/probability-impact.md","c582f4e681758b8c84ca2de003aa7133913326ac2c398b6c0e802914919b8333"
"md","product-brief.template","bmm","bmm/workflows/1-analysis/product-brief/product-brief.template.md","3a5ff1f17c3c91731dbd488b4fe425a10d6f0740eef3fb9bbe101aa4f9cb0432"
"md","project-context-template","bmm","bmm/data/project-context-template.md","c05164e69f6fd5e73256188f499f51c3f1dfffff8f26ed0b38340ab86075ebb3"
"md","project-context-template","bmm","bmm/workflows/generate-project-context/project-context-template.md","c275d87ace1b07f0081534a4498900f8befdf95c4f16e0f4753a9db23b01a74c"
"md","project-overview-template","bmm","bmm/workflows/document-project/templates/project-overview-template.md","fd1ae5724b19829feb79245b5249c3ebf3cee30d07776939d87c7563e5bf76fd"
"md","quick-flow-solo-dev","bmm","bmm/docs/quick-flow-solo-dev.md","23f938c00c8d0282e74a210c95bbd39bf13e9acea395164156a6fcc1d3bc23ee"
"md","quick-spec-flow","bmm","bmm/docs/quick-spec-flow.md","2e5a9f5eab82f027dc1bb020aa060287211cb2026dfe0182c9dcc32ffa125d8d"
"md","quick-start","bmm","bmm/docs/quick-start.md","561f92a70f40f67b1be2bb92f9f031b44645c753892d450d4f602f49c2b307cb"
"md","readiness-report-template","bmm","bmm/workflows/3-solutioning/implementation-readiness/templates/readiness-report-template.md","79e63524734308aca3ff4c40fdfaf87521bcea2e94ad0583b47d15915d800733"
"md","readiness-report-template","bmm","bmm/workflows/3-solutioning-zh/implementation-readiness/templates/readiness-report-template.md","897af642a4fbfb3d4d4891840704cf365fcd546e7ba14661eb0a18f347e6ec62"
"md","readme","bmm","bmm/sub-modules/claude-code/readme.md","5b622c9e63083f38c687436497dae8f3f017dbf0a0e3811c27a81cd92806c74c"
"md","README","bmm","bmm/data/README.md","08d38758dc6e2f61d59a75edf056dfcbd5fa39522be06466799486d24cfa490c"
"md","README","bmm","bmm/docs/images/README.md","84dd31fcbbec6a988af232f7edf31ab88e010487e895d1d2abb1dacf16b21997"
"md","README","bmm","bmm/docs/README.md","78fe9e75935e2142bb726e5beb9e000d33640525bf1709bdd0a7f2315174c206"
"md","README","bmm","bmm/README.md","b997914848293c10faa7ef29adabb1af511c66d2a3e1968895d5bfd30384bd8b"
"md","README","bmm","bmm/workflows/2-plan-workflows-zh/README.md","bf372a97591f0ff3b7c1eee0582e9ba81b133e89e852ba3210a1d3c681d64e2a"
"md","recurse","bmm","bmm/testarch/knowledge/recurse.md","80b9f14c0ac44acca1b769def48fd3211131a8148b9800b7db78b1ed05928bd5"
"md","requirements-analyst","bmm","bmm/sub-modules/claude-code/sub-agents/bmad-planning/requirements-analyst.md","ca413c0982f294816455e85c8e8440e96017f46f2928608f33e4f84b06fd93ad"
"md","research.template","bmm","bmm/workflows/1-analysis/research/research.template.md","31e387c9d7bb5d1d706f12e00910efebd5e2b8eb0bf8b45248e2e31d5d0f01dc"
"md","risk-governance","bmm","bmm/testarch/knowledge/risk-governance.md","970d014bb18d273f36bd16f4f2faa4ecae653b54928eddb473a499954ed9c074"
"md","scale-adaptive-system","bmm","bmm/docs/scale-adaptive-system.md","7fd4767fd839b664dba2cc624c91ad04b13f2a945dca45f4409980408e99d9c2"
"md","selective-testing","bmm","bmm/testarch/knowledge/selective-testing.md","abe5316924696e5a7dbb68a345b01072ca13894c8d09cd5f77bfe509a7276b5b"
"md","selector-resilience","bmm","bmm/testarch/knowledge/selector-resilience.md","27017332dd7d25c86ef39bbf8aec4ace89ee05bed56b6fdae639078c9e725d15"
"md","source-tree-template","bmm","bmm/workflows/document-project/templates/source-tree-template.md","f0094b1e0a9770c8c408b86f978b660c253fe99affcf2b67e1cf7aa9b40e74cb"
"md","step-01-discover","bmm","bmm/workflows/generate-project-context/steps/step-01-discover.md","b1834480b0eab1c0abd61c690571400ce3c4ddd6702e679bb716da5ae7d18841"
"md","step-01-document-discovery","bmm","bmm/workflows/3-solutioning/implementation-readiness/steps/step-01-document-discovery.md","ff5e49c6fe9845343ee71098866f406c0452d385f70b65a9751022eb22f1e500"
"md","step-01-document-discovery","bmm","bmm/workflows/3-solutioning-zh/implementation-readiness/steps/step-01-document-discovery.md","bb344ebda1020e23a67cef88c38dc5e119c88bc126321e65b731d86cd4ef6914"
"md","step-01-init","bmm","bmm/workflows/1-analysis/product-brief/steps/step-01-init.md","5abdcff47cbfb4b12d62e2b286b0a5513a4bfd9d35d0ad02858fe3d9846cf438"
"md","step-01-init","bmm","bmm/workflows/1-analysis/research/domain-steps/step-01-init.md","42b0ba67e2ac0d3d14cc13bfb8b4ede28e94f55cde07a543160c3455dfcd955f"
"md","step-01-init","bmm","bmm/workflows/1-analysis/research/market-steps/step-01-init.md","eb06cd09ef53f673d73ce59194eb7e650e0a4f37cb09ca9ab92b7541d8804a4e"
"md","step-01-init","bmm","bmm/workflows/1-analysis/research/technical-steps/step-01-init.md","d04c53b72497a68654b5e333b0a01b2268fb2c71d288d290857897218e8c6038"
"md","step-01-init","bmm","bmm/workflows/2-plan-workflows/create-ux-design/steps/step-01-init.md","995fb3dbbf149d0dbb3851b1e5115ad6af11ea00915202258593bc6c03a13519"
"md","step-01-init","bmm","bmm/workflows/2-plan-workflows/prd/steps/step-01-init.md","7516cbf586b49810daac9128620f403c76bb63f96b7b890718d87b2e656edd2d"
"md","step-01-init","bmm","bmm/workflows/2-plan-workflows-zh/create-ux-design/steps/step-01-init.md","e75c9535ffa0efc10291ce030b41d959e101534c8db345e2a327ae9b7d063be2"
"md","step-01-init","bmm","bmm/workflows/2-plan-workflows-zh/prd/steps/step-01-init.md","9fa102958c071bfcb2f602d0e5500f9b7550856d67f635e52b09c980ae2ab78f"
"md","step-01-init","bmm","bmm/workflows/3-solutioning/architecture/steps/step-01-init.md","978c6ceccd56fd1d0a19ef668fccb62c51ee23122f7c7b3ced82c9a646d59f91"
"md","step-01-init","bmm","bmm/workflows/3-solutioning-zh/architecture/steps/step-01-init.md","a19da432417064d5bb4c2f80b01c3ed37403b9f2ff973ca8d1ac3cb913d53026"
"md","step-01-validate-prerequisites","bmm","bmm/workflows/3-solutioning/create-epics-and-stories/steps/step-01-validate-prerequisites.md","238b2dfe015535124cfcf8f25e01747d83aa6190e708e70273180f07cdd42b8b"
"md","step-01-validate-prerequisites","bmm","bmm/workflows/3-solutioning-zh/create-epics-and-stories/steps/step-01-validate-prerequisites.md","7a8c944d02eaa3fd44e03fa59a7665d0ccea6bda9f6bcbbe30999214ababe72c"
"md","step-01b-continue","bmm","bmm/workflows/1-analysis/product-brief/steps/step-01b-continue.md","492ec9ec1244e943a7b9e5a3870c4b255d93b8585f719bd9950bbe98c806c878"
"md","step-01b-continue","bmm","bmm/workflows/2-plan-workflows/create-ux-design/steps/step-01b-continue.md","d2b7a285be65c9ebb64a459e8b739f4a91d76638a3b4ff3f0555aeacedf8afb8"
"md","step-01b-continue","bmm","bmm/workflows/2-plan-workflows/prd/steps/step-01b-continue.md","b3310058576f7b50446a83f7cc3d9bbb86a13df8cf713b2733bc646197e2e034"
"md","step-01b-continue","bmm","bmm/workflows/2-plan-workflows-zh/create-ux-design/steps/step-01b-continue.md","3168a91cc645002e14ebbd5a8137d06d4b9c39252f4d986733afe5a7e2b008e0"
"md","step-01b-continue","bmm","bmm/workflows/2-plan-workflows-zh/prd/steps/step-01b-continue.md","bc74e647293452409625b80fe980fa8bbf933357e652783a6f24010257abe381"
"md","step-01b-continue","bmm","bmm/workflows/3-solutioning/architecture/steps/step-01b-continue.md","5e0db28c27d1adc014920ad747eb9d78139ad44c7cdfc961506520f41b8a2d72"
"md","step-01b-continue","bmm","bmm/workflows/3-solutioning-zh/architecture/steps/step-01b-continue.md","8345301d5ca974b9ab07a0784307ad755c2666c7d945bad7b7e65833e4138e1a"
"md","step-02-context","bmm","bmm/workflows/3-solutioning/architecture/steps/step-02-context.md","631d766891d7a6de68dee95d5a5131114bebc6216dc3fd80387b85ce548c11ec"
"md","step-02-context","bmm","bmm/workflows/3-solutioning-zh/architecture/steps/step-02-context.md","6df63c002b6fc4ed6dcbf9e63b2b79d9a08d716b4cd9feec5ceb28590d19ffa0"
"md","step-02-customer-behavior","bmm","bmm/workflows/1-analysis/research/market-steps/step-02-customer-behavior.md","645939f3ab6656d315201d40bf5e26bddde34a3347d430faf83735e3241dd91a"
"md","step-02-customer-insights","bmm","bmm/workflows/1-analysis/research/market-steps/step-02-customer-insights.md","6275c53deeaf1a175bfcfdccde25b6eb51db3a436859dc53cecfb28248a4fe5e"
"md","step-02-design-epics","bmm","bmm/workflows/3-solutioning/create-epics-and-stories/steps/step-02-design-epics.md","5d745710f8a56d242525c81205dcf8979922203c0bdf9c6fcc2ee6da95e351da"
"md","step-02-design-epics","bmm","bmm/workflows/3-solutioning-zh/create-epics-and-stories/steps/step-02-design-epics.md","dd5d2b806f6a97cb09c3fcceaff61a7cceb93a0511f18d82dfeb3c1b8f4129fa"
"md","step-02-discovery","bmm","bmm/workflows/2-plan-workflows/create-ux-design/steps/step-02-discovery.md","c86f24c6279165dff3aa2f450e99566b6863cf87d8a394c1c453f522bf1de444"
"md","step-02-discovery","bmm","bmm/workflows/2-plan-workflows/prd/steps/step-02-discovery.md","9d7263d71730603f05685e787bd2d4a3f0ba955773b25b71de05675ef4a19276"
"md","step-02-discovery","bmm","bmm/workflows/2-plan-workflows-zh/create-ux-design/steps/step-02-discovery.md","1539dceb6b43e1f3611129036b7ae1cf49aba41ecc4f30e490f140948be97619"
"md","step-02-discovery","bmm","bmm/workflows/2-plan-workflows-zh/prd/steps/step-02-discovery.md","4c4371871910d0a2947ad9e7a562758ef40cce0ea8514c5c13dfebfc67961ff8"
"md","step-02-domain-analysis","bmm","bmm/workflows/1-analysis/research/domain-steps/step-02-domain-analysis.md","c9b8be857be526c6b381c0bc91a2bfe72864aaa63e06d3343e5f59f7918fada6"
"md","step-02-generate","bmm","bmm/workflows/generate-project-context/steps/step-02-generate.md","cad15354635c94830a90232c86e23347961638afa09602574e153ac68a7cc569"
"md","step-02-prd-analysis","bmm","bmm/workflows/3-solutioning/implementation-readiness/steps/step-02-prd-analysis.md","d8efc116a1d5b1feec1f633afa8183f39f88712829871b06cc9d895d19444d34"
"md","step-02-prd-analysis","bmm","bmm/workflows/3-solutioning-zh/implementation-readiness/steps/step-02-prd-analysis.md","51e2f0109feb19987a7e55acd2acae961285728b600326bbe841024ed0dc07f1"
"md","step-02-technical-overview","bmm","bmm/workflows/1-analysis/research/technical-steps/step-02-technical-overview.md","3d06971c99893bce11b9fa2a4c3550da708499cf04eac3999b8ec0eb443f60aa"
"md","step-02-vision","bmm","bmm/workflows/1-analysis/product-brief/steps/step-02-vision.md","f323821886dbb57f87d5797fe4d568193db0303a797b1a7f79d4929134a0616a"
"md","step-03-competitive-landscape","bmm","bmm/workflows/1-analysis/research/domain-steps/step-03-competitive-landscape.md","a79de62954e0ce3e13f9cad53c5fabf0b677af8dc2f4919c645eb1dcfd4e85ce"
"md","step-03-complete","bmm","bmm/workflows/generate-project-context/steps/step-03-complete.md","a5de74e413f3529eb7b82b9b46fd248abeaa840aa3a0e1bc3954d494bb2207d3"
"md","step-03-core-experience","bmm","bmm/workflows/2-plan-workflows/create-ux-design/steps/step-03-core-experience.md","fb8dd3125f9643a443d8479b9a7a41a4c649d2fb95b548f9dfc1b25b015bc4be"
"md","step-03-core-experience","bmm","bmm/workflows/2-plan-workflows-zh/create-ux-design/steps/step-03-core-experience.md","c3a495adb9412c8ac5aedb39f683d2b36999824f58cc5378eb0592ed0e8a2efc"
"md","step-03-create-stories","bmm","bmm/workflows/3-solutioning/create-epics-and-stories/steps/step-03-create-stories.md","f4d2b36e4556fc2432971379183b7cec6f9d0ebdf7c1fca0d61a0e60ebc66e20"
"md","step-03-create-stories","bmm","bmm/workflows/3-solutioning-zh/create-epics-and-stories/steps/step-03-create-stories.md","a348914a11148ec646bfdccbb3d99399368a07253da394b6aaa26cca77a9879f"
"md","step-03-customer-pain-points","bmm","bmm/workflows/1-analysis/research/market-steps/step-03-customer-pain-points.md","0d13745dd40d0775ab2989cdec3172d6821dc17565c6fae189d4c5f46a66e9e1"
"md","step-03-epic-coverage-validation","bmm","bmm/workflows/3-solutioning/implementation-readiness/steps/step-03-epic-coverage-validation.md","734f3efaa93e6a527aebbf6f8c48cdc6743a3a4f3f50a1174552784a26ae673d"
"md","step-03-epic-coverage-validation","bmm","bmm/workflows/3-solutioning-zh/implementation-readiness/steps/step-03-epic-coverage-validation.md","57797401b38a43d1908b3c7422ba9d1802a1e98d99fdbc836bf296a1aba77b62"
"md","step-03-integration-patterns","bmm","bmm/workflows/1-analysis/research/technical-steps/step-03-integration-patterns.md","174441c5a41b0ebec62912ae9eec7f04d31cfc642f9309f8621385e1d0b7fd3a"
"md","step-03-starter","bmm","bmm/workflows/3-solutioning/architecture/steps/step-03-starter.md","859ae9bf1c097e8ba5208ebfa35c6c7da1040de4dc6d3117aa0603bccb8b3a12"
"md","step-03-starter","bmm","bmm/workflows/3-solutioning-zh/architecture/steps/step-03-starter.md","fc06768a2b9427290a6452e59d62e9c6f977bdd74a0d335ea1e26d6b08f6bab8"
"md","step-03-success","bmm","bmm/workflows/2-plan-workflows/prd/steps/step-03-success.md","c3f003472c6f32388a66e1101f3e41f313bc7598f2f834a063449b8bf8a09446"
"md","step-03-success","bmm","bmm/workflows/2-plan-workflows-zh/prd/steps/step-03-success.md","a195d4c796c634b5bcfbf1be522f714761c975a31b7cf88366f1ccf6150d2961"
"md","step-03-users","bmm","bmm/workflows/1-analysis/product-brief/steps/step-03-users.md","bc3f9f2aab1be8ca0e4944b0fddeb27cda759bd67354b33e563ed4d9c2ac88fc"
"md","step-04-architectural-patterns","bmm","bmm/workflows/1-analysis/research/technical-steps/step-04-architectural-patterns.md","a659010e3a46203b549f4f112c92a5854e7b8ab1a69b3252445452791027d3e9"
"md","step-04-customer-decisions","bmm","bmm/workflows/1-analysis/research/market-steps/step-04-customer-decisions.md","a55105dd8eab92b13b2dfe398af134a4e9090cb87424faab81bc880a01f39dca"
"md","step-04-decisions","bmm","bmm/workflows/3-solutioning/architecture/steps/step-04-decisions.md","496674885818106edbd06423436a1e7505a9da77d370639630a79d85f29947b5"
"md","step-04-decisions","bmm","bmm/workflows/3-solutioning-zh/architecture/steps/step-04-decisions.md","6d0f5fd2cf413f10ed3658f9e6e4289932e8406e6490e5fa55a4afcaaab18f98"
"md","step-04-emotional-response","bmm","bmm/workflows/2-plan-workflows/create-ux-design/steps/step-04-emotional-response.md","12dc5eca5123dea124ab180e8f8f03c0f51e59411413aefc9f96ac4b620a4414"
"md","step-04-emotional-response","bmm","bmm/workflows/2-plan-workflows-zh/create-ux-design/steps/step-04-emotional-response.md","dd6a2f5bb0f5ec0042227211b77f66eab175203002e94e47e35b6e7cfce6aa8c"
"md","step-04-final-validation","bmm","bmm/workflows/3-solutioning/create-epics-and-stories/steps/step-04-final-validation.md","3a8bc9275454495ded7001fa18b81dd79015bc2b1e9e8b6209acd3bc4c88b12b"
"md","step-04-final-validation","bmm","bmm/workflows/3-solutioning-zh/create-epics-and-stories/steps/step-04-final-validation.md","5d5d489f6ad37e277bb3f4b9f8d7290423ae15b4a7033bf13353b74af1926c6c"
"md","step-04-generate-sprint-status","bmm","bmm/workflows/3-solutioning-zh/create-epics-and-stories/steps/step-04-generate-sprint-status.md","b3e45937caab7ad4efb76b1de0a9b02f796b36d75905ddb836065503bf0ce07e"
"md","step-04-journeys","bmm","bmm/workflows/2-plan-workflows/prd/steps/step-04-journeys.md","1085e8f44e04c7b6d80fbfbea8629cd07f43fabd95fc82f214a4c7eda67eaedb"
"md","step-04-journeys","bmm","bmm/workflows/2-plan-workflows-zh/prd/steps/step-04-journeys.md","316e9cb75dbc632af23bd9c7e7be849ff4c5f1d0523cc6be954e9910a12f5edd"
"md","step-04-metrics","bmm","bmm/workflows/1-analysis/product-brief/steps/step-04-metrics.md","e7c910222bc6483b35fda79f5adc9a8a78da5a39b99f94f81bb8ce74d84e4e7d"
"md","step-04-regulatory-focus","bmm","bmm/workflows/1-analysis/research/domain-steps/step-04-regulatory-focus.md","d42ad10826e8230dc645850a78e0719ee25bbb57975f8f7f74f6473b20c4179e"
"md","step-04-ux-alignment","bmm","bmm/workflows/3-solutioning/implementation-readiness/steps/step-04-ux-alignment.md","e533652087d9546f94ace4b0801c56a9c7206120f164ae7c98f851d463c3b06c"
"md","step-04-ux-alignment","bmm","bmm/workflows/3-solutioning-zh/implementation-readiness/steps/step-04-ux-alignment.md","4600ec8bff95d26c22042eb122a950071c3d470ad9d983b4307bbcd73fb4c2a8"
"md","step-05-competitive-analysis","bmm","bmm/workflows/1-analysis/research/market-steps/step-05-competitive-analysis.md","b6fd5f0c3aef93e7e879585c41953f36ae9add8adb875e3341de155eece14fb9"
"md","step-05-domain","bmm","bmm/workflows/2-plan-workflows/prd/steps/step-05-domain.md","ab34f5acf56d8fbfdc10834c740cbc45fb76706d1d665d913f8d29b02f6d2df2"
"md","step-05-domain","bmm","bmm/workflows/2-plan-workflows-zh/prd/steps/step-05-domain.md","a09241166b4d63864b2001469c98a30e190b3fdc1d412f3137e3a6b6a1c380b2"
"md","step-05-epic-quality-review","bmm","bmm/workflows/3-solutioning/implementation-readiness/steps/step-05-epic-quality-review.md","892ff8402e5a3102c6d3fe7a289b6fbe6634e6804d0bb99c2281238a69723be2"
"md","step-05-epic-quality-review","bmm","bmm/workflows/3-solutioning-zh/implementation-readiness/steps/step-05-epic-quality-review.md","546f3e8a546d425e96492fc884426f4cfbab416f0b0c74a3216654d4996736e0"
"md","step-05-final-validation","bmm","bmm/workflows/3-solutioning-zh/create-epics-and-stories/steps/step-05-final-validation.md","968f427720f79c85ccba17e1b1f8fc1ac8cebdb5877ef7d2c12046a9aa96a45a"
"md","step-05-implementation-research","bmm","bmm/workflows/1-analysis/research/technical-steps/step-05-implementation-research.md","7f63696d8f253b937e350028e3d707c196adcd9b51287f1d6088252bd84064b7"
"md","step-05-inspiration","bmm","bmm/workflows/2-plan-workflows/create-ux-design/steps/step-05-inspiration.md","c38fbf4e3d8a861da29d3e091c933a00be8b48b969793332e61c5f1803dbe0f3"
"md","step-05-inspiration","bmm","bmm/workflows/2-plan-workflows-zh/create-ux-design/steps/step-05-inspiration.md","8cae1c7ae4f21c063cf93e519b2e36942fa893489ea58c01f5783b57002d9275"
"md","step-05-patterns","bmm","bmm/workflows/3-solutioning/architecture/steps/step-05-patterns.md","cab9bfe0669b3fc8b83fee774bec9c4d4ed2ae3127a4688a6bda27ed9874d70c"
"md","step-05-patterns","bmm","bmm/workflows/3-solutioning-zh/architecture/steps/step-05-patterns.md","85adfeecf1f02d1ec0a6a5d846685ec0cde2946dd1fbf8e14ccfcef167dda703"
"md","step-05-scope","bmm","bmm/workflows/1-analysis/product-brief/steps/step-05-scope.md","5924ef1b085bf36692531757cccf2c4e1f78e1de5a944609394b41d4d00e0929"
"md","step-05-technical-trends","bmm","bmm/workflows/1-analysis/research/domain-steps/step-05-technical-trends.md","ae618f411b6a15df2408f48e5373747b9ec7a6892952dca40dc513aaa365d2e3"
"md","step-06-complete","bmm","bmm/workflows/1-analysis/product-brief/steps/step-06-complete.md","afe6dc7b76c929eefe3200a38106003dc2710ce488573becaac69a87b0a39d0b"
"md","step-06-design-system","bmm","bmm/workflows/2-plan-workflows/create-ux-design/steps/step-06-design-system.md","8e5ae1075fa7959872dd04c7286675b52008b7cc325a94a2dc0b1da8f8756618"
"md","step-06-design-system","bmm","bmm/workflows/2-plan-workflows-zh/create-ux-design/steps/step-06-design-system.md","743ddd113ef5487e55f9468cbdbaa10a3e504f701aa8d6c178e1c65f86525e99"
"md","step-06-final-assessment","bmm","bmm/workflows/3-solutioning/implementation-readiness/steps/step-06-final-assessment.md","77c459c9c6f77949be19dd0ac06a2f1f3204e814e1602d43bfad2c67dc1af3c5"
"md","step-06-final-assessment","bmm","bmm/workflows/3-solutioning-zh/implementation-readiness/steps/step-06-final-assessment.md","eb7fe077bcf5b3d8a375f97eb27045b4130f3ae1f9646450e11dc047aea9130b"
"md","step-06-innovation","bmm","bmm/workflows/2-plan-workflows/prd/steps/step-06-innovation.md","3e802b599cf5a01dcf676952cbc27884e1b837738e3c6b0b60d21c4451fa5b62"
"md","step-06-innovation","bmm","bmm/workflows/2-plan-workflows-zh/prd/steps/step-06-innovation.md","4fb19ed467f929c741193f6929a611dcb601fa3eee794ffa3b790e03f0c38615"
"md","step-06-research-completion","bmm","bmm/workflows/1-analysis/research/market-steps/step-06-research-completion.md","86a7cc2c0a127a9dcfff657dbf14ab6b57b103a4ecb54719e53fc76f018a56fd"
"md","step-06-research-synthesis","bmm","bmm/workflows/1-analysis/research/domain-steps/step-06-research-synthesis.md","adb2b7652475993eb44a692d288e3d2a0906f919ffb47ccafe14791310ea45e3"
"md","step-06-research-synthesis","bmm","bmm/workflows/1-analysis/research/technical-steps/step-06-research-synthesis.md","ccdcdd63fdfdeeeaa4da9d367f27a95d88ce89cf7d9220f1ec9c7060772c4044"
"md","step-06-structure","bmm","bmm/workflows/3-solutioning/architecture/steps/step-06-structure.md","16d78e6dccdee96aabef11d4dafebaa4fc0e4607bc4d338a90e7da889074a328"
"md","step-06-structure","bmm","bmm/workflows/3-solutioning-zh/architecture/steps/step-06-structure.md","fa2644e74f44d3910ea7dc0e1c1225c070dd5217901537d5b8b6de54fe4fc006"
"md","step-07-defining-experience","bmm","bmm/workflows/2-plan-workflows/create-ux-design/steps/step-07-defining-experience.md","678e38a0c33e9707d4e10aa3f2658238b434c360bc6489e26054a494e37426d4"
"md","step-07-defining-experience","bmm","bmm/workflows/2-plan-workflows-zh/create-ux-design/steps/step-07-defining-experience.md","ca6d45397fe9715a8b3c81e44565769dbfb7c3fbb951fb684e00a9d5f25e27ae"
"md","step-07-project-type","bmm","bmm/workflows/2-plan-workflows/prd/steps/step-07-project-type.md","584333ea656f6c8860e6f8949182a1b7509ec07dd4416abd1f70cfe414ada0e6"
"md","step-07-project-type","bmm","bmm/workflows/2-plan-workflows-zh/prd/steps/step-07-project-type.md","e790766c7d1b0bfc60d35bbd467cbb6d9b5eae37ca06a1d74a8eed65e510fd01"
"md","step-07-validation","bmm","bmm/workflows/3-solutioning/architecture/steps/step-07-validation.md","370ac35924b52c52d507ec371bcc7062303443035b083c210866cd02b9b87c51"
"md","step-07-validation","bmm","bmm/workflows/3-solutioning-zh/architecture/steps/step-07-validation.md","55698df08a84d1a9074ff4210b7f62741d5574a65acc122c20b8309f67b4e606"
"md","step-08-complete","bmm","bmm/workflows/3-solutioning/architecture/steps/step-08-complete.md","9960881c36f5af99759e3c8f6182e39fb3909269158c5a008e695e50f5cccedc"
"md","step-08-complete","bmm","bmm/workflows/3-solutioning-zh/architecture/steps/step-08-complete.md","9cd506757b49861f223afa623976fd0fc44e8928fc7d83810e5ba16c7bed3fab"
"md","step-08-scoping","bmm","bmm/workflows/2-plan-workflows/prd/steps/step-08-scoping.md","61229020ac205cfcd4efb6084f436d1a525f871dca35d9f948b7bac243993f40"
"md","step-08-scoping","bmm","bmm/workflows/2-plan-workflows-zh/prd/steps/step-08-scoping.md","09c9696b61ab3e8d55f5d38ebb33811711cbedf9f3a6b7f8e6d2902816cc09ab"
"md","step-08-visual-foundation","bmm","bmm/workflows/2-plan-workflows/create-ux-design/steps/step-08-visual-foundation.md","fdd4bd4edbeb578c1b89215bfdbe2c702f06cadfba66c81672d309198189e7cd"
"md","step-08-visual-foundation","bmm","bmm/workflows/2-plan-workflows-zh/create-ux-design/steps/step-08-visual-foundation.md","3a12d23f164be3fda638f4cf8f30666e27daaaabb3c68ede3bf43993e6ed6fbc"
"md","step-09-design-directions","bmm","bmm/workflows/2-plan-workflows/create-ux-design/steps/step-09-design-directions.md","830c6a0d099d8042bfb3e1b8a141c342d03852cfc04a19616feac627f23245e0"
"md","step-09-design-directions","bmm","bmm/workflows/2-plan-workflows-zh/create-ux-design/steps/step-09-design-directions.md","938fa6b59d60aa2d4b187cf3bf961a0a26766426e60b94c87f836c782bf7ffaa"
"md","step-09-functional","bmm","bmm/workflows/2-plan-workflows/prd/steps/step-09-functional.md","76bd287c910298cc3cd28be3ebaef330de349c7805cf148959c755eaa385aec7"
"md","step-09-functional","bmm","bmm/workflows/2-plan-workflows-zh/prd/steps/step-09-functional.md","826f5b580b69f8c34a78d722993a270733cee2c7a9163e2ce3ec1f5fe642028c"
"md","step-10-nonfunctional","bmm","bmm/workflows/2-plan-workflows/prd/steps/step-10-nonfunctional.md","304d388eeaf726bc73d8b94c2a78fae6699c57b88cbe73fd808951543185e402"
"md","step-10-nonfunctional","bmm","bmm/workflows/2-plan-workflows-zh/prd/steps/step-10-nonfunctional.md","f89149798ee4db9f12cda824a1e6ca33de69fc05ea3ca57315d7d346c946ff62"
"md","step-10-user-journeys","bmm","bmm/workflows/2-plan-workflows/create-ux-design/steps/step-10-user-journeys.md","00db722836a0037f8dfbec4ac2cf6dec529705dc2aabef137a28aeb4509481b6"
"md","step-10-user-journeys","bmm","bmm/workflows/2-plan-workflows-zh/create-ux-design/steps/step-10-user-journeys.md","a498db85b8fb024cdb08ba558a5d1cc84eb35135961f51679a28e88559fb772b"
"md","step-11-complete","bmm","bmm/workflows/2-plan-workflows/prd/steps/step-11-complete.md","a2ae99a25e1a431b043a22b7942a71b9de801619d55a41296aabe7bf59ebc35d"
"md","step-11-complete","bmm","bmm/workflows/2-plan-workflows-zh/prd/steps/step-11-complete.md","09ae3d235a2bc98cc5a5574415d9af5f034cb0f516950ed91b73415dddf736e2"
"md","step-11-component-strategy","bmm","bmm/workflows/2-plan-workflows/create-ux-design/steps/step-11-component-strategy.md","3b6d6b67085b4325e82110eb14eeab5e56430116f31f35a1f74a5ec0d2742e1f"
"md","step-11-component-strategy","bmm","bmm/workflows/2-plan-workflows-zh/create-ux-design/steps/step-11-component-strategy.md","08e70f5e8e2264d6624c699ef5d03c97de7877986d0df12c871b325b422d5874"
"md","step-12-ux-patterns","bmm","bmm/workflows/2-plan-workflows/create-ux-design/steps/step-12-ux-patterns.md","8ead3472f2acdec7e9c376517ba8cdcec761014a62ed241c4166978e3412487c"
"md","step-12-ux-patterns","bmm","bmm/workflows/2-plan-workflows-zh/create-ux-design/steps/step-12-ux-patterns.md","041e194884b6212fbabf341462ae0f43e455eed3b3ef584a6d493b560749159d"
"md","step-13-responsive-accessibility","bmm","bmm/workflows/2-plan-workflows/create-ux-design/steps/step-13-responsive-accessibility.md","541581ce998f314fa5e3c8b897fcc02e7df22221469e43e02876456f51de8670"
"md","step-13-responsive-accessibility","bmm","bmm/workflows/2-plan-workflows-zh/create-ux-design/steps/step-13-responsive-accessibility.md","cd970434f6898bd73b85c6a311b7e47d877fa689e2fabd65ced30e1f80303379"
"md","step-14-complete","bmm","bmm/workflows/2-plan-workflows/create-ux-design/steps/step-14-complete.md","3565a5b60c9aec822bca7a29a90501a0e8c5bebca8baa9dfb4f9c410aed95f2d"
"md","step-14-complete","bmm","bmm/workflows/2-plan-workflows-zh/create-ux-design/steps/step-14-complete.md","6d228d9ed8d9edb79337a03d81928d3df5cc1b8e564cf3da292d19f9a99a823b"
"md","story-backend-template","bmm","bmm/workflows/3-solutioning-zh/create-epics-and-stories/templates/story-backend-template.md","ddfbac2ac9cf7ca9cdf9bc29d37c595df50e33e7764bc4e278f1ae1ba93709c3"
"md","story-frontend-template","bmm","bmm/workflows/3-solutioning-zh/create-epics-and-stories/templates/story-frontend-template.md","b8a6c72a673bff0736666b058f2e6826cafc1570be1b16875311360c7977767e"
"md","story-integration-template","bmm","bmm/workflows/3-solutioning-zh/create-epics-and-stories/templates/story-integration-template.md","e90686932e6f6b9fb8e9389853b7ab65afd034f9f97dbfbab976a81c9d2d7aed"
"md","tech-debt-auditor","bmm","bmm/sub-modules/claude-code/sub-agents/bmad-research/tech-debt-auditor.md","76182176ac024ec31d66017978658352bf7d8250c741ff2eaac632c995670baf"
"md","technical-decisions-curator","bmm","bmm/sub-modules/claude-code/sub-agents/bmad-planning/technical-decisions-curator.md","6d244291bff69d1207c60f0fb8272c43a26537b4d291c4045970bd5aaafc4946"
"md","technical-evaluator","bmm","bmm/sub-modules/claude-code/sub-agents/bmad-review/technical-evaluator.md","abf1f497d2d82c29931f781067659a03e20574e8050e8c688f22f03c191cc9bc"
"md","template","bmm","bmm/workflows/4-implementation/create-story/template.md","d6985b05178ce3e4ac140e9cccda0e5b2a8cf07893e4ce5aed51c9f7434350ad"
"md","template","bmm","bmm/workflows/4-implementation-zh/create-story/template.md","d1cae3b896041e26ae6285687aeed5de60005f6686b903dffc90c1edfee65f6b"
"md","test-architecture","bmm","bmm/docs/test-architecture.md","929b7384e11dbfd5da29cea5a2e05b7fd4067405490c3d5512fc44f090d39d70"
"md","test-coverage-analyzer","bmm","bmm/sub-modules/claude-code/sub-agents/bmad-review/test-coverage-analyzer.md","b024bbc7ab909eb70c8af6f56728a151fa263b8d3cd6c2bffb7643a39a8bc8de"
"md","test-design-template","bmm","bmm/workflows/testarch/test-design/test-design-template.md","b1aaf79611ff683b9139f17edd67d271ea770c99b57b37fd0aba11474c3d709d"
"md","test-healing-patterns","bmm","bmm/testarch/knowledge/test-healing-patterns.md","34f05dc40b5ead05d9c68299cb1a46f819338a4c8c928ab550a593e17f2b5464"
"md","test-levels-framework","bmm","bmm/testarch/knowledge/test-levels-framework.md","5397ad467351c55a6c8ee0d7f2fc6fce3d123a0bee35c01af0f71aa90d8bd0ea"
"md","test-priorities-matrix","bmm","bmm/testarch/knowledge/test-priorities-matrix.md","9f026da4038166ce8c3cc8aaedc9ca32b99eae75a053d5301c07bc53442a7788"
"md","test-quality","bmm","bmm/testarch/knowledge/test-quality.md","01552faa4496926c4e4badf03ff7c0b17fbf3e5647c3a79348c6e4932602955e"
"md","test-review-template","bmm","bmm/workflows/testarch/test-review/test-review-template.md","e415ff04456a35f56d13c631eacdcc9e7e2a0f0f9678dddc0b035fe09b52b200"
"md","timing-debugging","bmm","bmm/testarch/knowledge/timing-debugging.md","74304e8e924f1ae21be4edcdea149442a8ee1d5ad23a5388dc32c0cf3f8135e7"
"md","trace-template","bmm","bmm/workflows/testarch/trace/trace-template.md","f07d3dfde1a75b7e3d574d8c4b95e738b5a2552e3fad89b4741c371141ea0fc4"
"md","trend-spotter","bmm","bmm/sub-modules/claude-code/sub-agents/bmad-planning/trend-spotter.md","e3d4281fb8c9729562e36430f082d2d85f77156c4ab3b0aca9aa26323010e7ae"
"md","troubleshooting","bmm","bmm/docs/troubleshooting.md","e80240c906cea4fccd3da48d4162ea452b53347922bd5cf5864c54ce97ed9841"
"md","user-journey-mapper","bmm","bmm/sub-modules/claude-code/sub-agents/bmad-planning/user-journey-mapper.md","33195c92ece40f024501a7607ff14b5c648394df0dee41f7ba849e618b9a07b6"
"md","user-researcher","bmm","bmm/sub-modules/claude-code/sub-agents/bmad-planning/user-researcher.md","93db9982168616a80833d56bf7b6f330955058b5d072a2b0775a63fda8e0c0c5"
"md","ux-design-template","bmm","bmm/workflows/2-plan-workflows/create-ux-design/ux-design-template.md","e3243405e033ac20fc1f39f2ec39f60629a00599b7638b5b17be8ce1cb65974c"
"md","ux-design-template","bmm","bmm/workflows/2-plan-workflows-zh/create-ux-design/ux-design-template.md","b1bf2b8ac9c6841aabc121eb7c3fea1196c92178010031a7263df0742238da7d"
"md","visual-debugging","bmm","bmm/testarch/knowledge/visual-debugging.md","c61f70d5f7eb3bb15e34484b874554672c3d78004b70a0eeb9f713abdd520e1f"
"md","workflow","bmm","bmm/workflows/1-analysis/product-brief/workflow.md","60dc440b98db7270087aa7366a4f9906551429b626f60182b9099bd9d2a34656"
"md","workflow","bmm","bmm/workflows/1-analysis/research/workflow.md","e107e19284e60e907ab034bf975561890a4b4f3b2ac8268278bef10133906a14"
"md","workflow","bmm","bmm/workflows/2-plan-workflows/create-ux-design/workflow.md","b8c35670760b8b157e3d4956b50ab7474aba0ae6a128dddae50219684ba45001"
"md","workflow","bmm","bmm/workflows/2-plan-workflows/prd/workflow.md","98b92cc957478f5998c17131dca49ad6378692e15ed5d8c715867a1a293df2f6"
"md","workflow","bmm","bmm/workflows/2-plan-workflows-zh/create-ux-design/workflow.md","b7e27184110aa1204f48e8bb44870d228355feb821b2093efc8525c356ec50ae"
"md","workflow","bmm","bmm/workflows/2-plan-workflows-zh/prd/workflow.md","77848292671fc1637a279d6cfa9d417bedf836e3fdb13f416a8658ab4d965b9a"
"md","workflow","bmm","bmm/workflows/3-solutioning/architecture/workflow.md","87545301e25cf79c2e626bfe1496626a2d04adccdc7a1c1ba6449c69f975785e"
"md","workflow","bmm","bmm/workflows/3-solutioning/create-epics-and-stories/workflow.md","31b0c48f60cb0d088b070e5e0bdb0aa4be8c24ac6b0d3d590de3bf1fbaad23b5"
"md","workflow","bmm","bmm/workflows/3-solutioning/implementation-readiness/workflow.md","7cf3e3379622f538f76ed0d90c34d77da55b3e51738706fc2dd17419147a7f29"
"md","workflow","bmm","bmm/workflows/3-solutioning-zh/architecture/workflow.md","8c1db24bc5c8445007fe0fbcda85a02c02a0ed249d1670ca76617828bb87fdcf"
"md","workflow","bmm","bmm/workflows/3-solutioning-zh/create-epics-and-stories/workflow.md","f8a85131504feb2423e5a023a2d3146e7aee70ec9a27cb8d50bc0d19ee4c3ad0"
"md","workflow","bmm","bmm/workflows/3-solutioning-zh/implementation-readiness/workflow.md","ee0bed4f8ddde5ef34bab8d792796c98801019417a7e7d94c837132725d80085"
"md","workflow","bmm","bmm/workflows/generate-project-context/workflow.md","7dd1b8bb74bf7c94df8bbf3a43bafc72c44bdde0653a0bd4d574122daddd2dc7"
"md","workflow-architecture-reference","bmm","bmm/docs/workflow-architecture-reference.md","be5e31fce0489be605a6cda6163650a2bb608cba5d6b9e93663fd3b48d430f98"
"md","workflow-document-project-reference","bmm","bmm/docs/workflow-document-project-reference.md","c1627437fd167d1459adec4be77ebf55ac593822dc5462f018122c3cbcca48e1"
"md","workflows-analysis","bmm","bmm/docs/workflows-analysis.md","f37c62c75bbc9499f0d38359b807803cc3fc95d4d63b25b59c959866f0a92eec"
"md","workflows-implementation","bmm","bmm/docs/workflows-implementation.md","f29ebf15f3aa46c786ae448d99b9c6a790edd73481b4019203e5043fe598602f"
"md","workflows-planning","bmm","bmm/docs/workflows-planning.md","f22a99c1f6be606b4d168a36e47a3d505abdcbee2f35dedfebdf36a98f114376"
"md","workflows-solutioning","bmm","bmm/docs/workflows-solutioning.md","95f0d44dd2c530d57a17192867cc981393e5a9d2d096d924286a00c1fcb67745"
"svg","workflow-method-greenfield","bmm","bmm/docs/images/workflow-method-greenfield.svg","628350a276a02f2cdd855a7b1d5bb72dea3291464f61d1a7e55c4a13dafb44cc"
"xml","daily-standup","bmm","bmm/tasks/daily-standup.xml","31b6eafeba10170ac60bfaa7119d8e6ebee795805e9f0a3099f4990b48f003fa"
"xml","instructions","bmm","bmm/workflows/4-implementation/code-review/instructions.xml","2ba8ca6e37a345ae0962c32fa2ad6cc320ef34047b77c2a93892722d993f442c"
"xml","instructions","bmm","bmm/workflows/4-implementation/create-story/instructions.xml","46a3ca4eb8b1ca58e712697844cb5695ceb2b081a0b2b251de71c42f5d32e842"
"xml","instructions","bmm","bmm/workflows/4-implementation/dev-story/instructions.xml","27ea74a0132677c74535f83271db2dd10a63f8ca104365aa9c818843fe05a140"
"yaml","config","bmm","bmm/sub-modules/claude-code/config.yaml","4126eb5bac7b906374782be0e93cbc249ed521ef1c0f0af328076eba857267b4"
"yaml","config","bmm","bmm/config.yaml","fcdd976aa19c1e83ba72c86924f420843a8cbd5e7db3b3f6b58d6d325bb8ba92"
"yaml","deep-dive","bmm","bmm/workflows/document-project/workflows/deep-dive.yaml","0ea3c64633f3902f93f41e94264e4b25bdfa6f75d7176301304419a032e7db2d"
"yaml","enterprise-brownfield","bmm","bmm/workflows/workflow-status/paths/enterprise-brownfield.yaml","5accdf312b24b29a93adc843c3d3f606d3fae1ae11bafae8bdadcad80b84e05e"
"yaml","enterprise-greenfield","bmm","bmm/workflows/workflow-status/paths/enterprise-greenfield.yaml","67f2caf563a96a1d8c74830a3a1600835ea5e1ab11d103aef82a97d5f143d0f8"
"yaml","excalidraw-templates","bmm","bmm/workflows/diagrams/_shared/excalidraw-templates.yaml","238f19287558ad09e0c0bb11bdbbfa07bb05b0ec1a2945ad45425735cab6007b"
"yaml","full-scan","bmm","bmm/workflows/document-project/workflows/full-scan.yaml","f81786161c9357f13d2ec234fc47e9adeb626ce6cb0b494cc09ebf8a1a97caaa"
"yaml","github-actions-template","bmm","bmm/workflows/testarch/ci/github-actions-template.yaml","adf37c8973929ae530bb5a61c5f79b51c5dda9ab9f5ef1998fb21295b318adaf"
"yaml","gitlab-ci-template","bmm","bmm/workflows/testarch/ci/gitlab-ci-template.yaml","3e2e37b40fb1c0f659ae5ca34b895f17ab00d7ea6fcf1b895c8cb130fb45aeb4"
"yaml","injections","bmm","bmm/sub-modules/claude-code/injections.yaml","ccb3cf7db469b0d6390890ee891dbda671cfbe6922c1b3c9cfbc8948344fbafb"
"yaml","method-brownfield","bmm","bmm/workflows/workflow-status/paths/method-brownfield.yaml","6e9e176e90f196b96e30df730b98ef84ffc48ae6273299e3f2c668d4833e83b0"
"yaml","method-greenfield","bmm","bmm/workflows/workflow-status/paths/method-greenfield.yaml","0ef607d73891fd4f65da32e76e7495c6e0ed9308ffff5eaa8b8694749b9fb213"
"yaml","project-levels","bmm","bmm/workflows/workflow-status/project-levels.yaml","c58163255bc01cfbb097ba0f2009aa22f67c1f8499b390e1a693fe0400961baf"
"yaml","sprint-status-template","bmm","bmm/workflows/3-solutioning-zh/create-epics-and-stories/templates/sprint-status-template.yaml","faab95b33e3775b06aeb33122609905c670dc98d0598dbfe139a4caa067debb7"
"yaml","sprint-status-template","bmm","bmm/workflows/4-implementation/sprint-planning/sprint-status-template.yaml","a5abc948280e96b20a794e3e6f2c2a77346b4217ce4e17ddfcb6ca76b536bd41"
"yaml","team-fullstack","bmm","bmm/teams/team-fullstack.yaml","debb100bfda3790c568422c40bd93be96b9ef641a147eb85769fb404a23e1a67"
"yaml","workflow","bmm","bmm/workflows/4-implementation/code-review/workflow.yaml","6fd7a3fecde361dcacf70265e73a4899b45fc45ca00f2f12ffa7fbd5602d8f61"
"yaml","workflow","bmm","bmm/workflows/4-implementation/correct-course/workflow.yaml","e4b063783e2b3a53d6358a60ee91b749d1ea8419408fe8358f6f74a1c7dbeadc"
"yaml","workflow","bmm","bmm/workflows/4-implementation/create-story/workflow.yaml","823424c736277e067e282da3c0bcc88a52bb10d71f4ceb9c9844cf86704c082d"
"yaml","workflow","bmm","bmm/workflows/4-implementation/dev-story/workflow.yaml","e509d84d1897b52c3ec9bc08f24f93b57e7c56eda79c7a33fd189bd6a205676a"
"yaml","workflow","bmm","bmm/workflows/4-implementation/retrospective/workflow.yaml","3092670480e36e0f3b55628452a71f27a632415f4d0d51baad69dbb97bfbfe1f"
"yaml","workflow","bmm","bmm/workflows/4-implementation/sprint-planning/workflow.yaml","43fdac11c33a41293ec4f0526abfda54409f4e95f9a63292921e858e647e4518"
"yaml","workflow","bmm","bmm/workflows/4-implementation/sprint-status/workflow.yaml","b47742aa1e968baa0df5f177f2470def3ec20ac4ab37cbede08b8dc6fa4729d7"
"yaml","workflow","bmm","bmm/workflows/bmad-quick-flow/create-tech-spec/workflow.yaml","e4bef29af45420a2184bc26a04193b8226dd14b0e1b11d9772ef3ae6c4ccae60"
"yaml","workflow","bmm","bmm/workflows/bmad-quick-flow/quick-dev/workflow.yaml","85a231e88c71403c001f6006b0cfb4db1b1488015479dbb02d75f5634ffbe985"
"yaml","workflow","bmm","bmm/workflows/diagrams/create-dataflow/workflow.yaml","a2211711c8c3419e07e89616ae2c4f252fc06875ba92a4954c947c8dedb9afc8"
"yaml","workflow","bmm","bmm/workflows/diagrams/create-diagram/workflow.yaml","bc7087f2ccb022023907316f12fcd583a4b38a78d73e6fdebeb5b225ac7eb287"
"yaml","workflow","bmm","bmm/workflows/diagrams/create-flowchart/workflow.yaml","19547cf204ed783c4cecaf92d2f05d0c4ee9f10110d755bc666a40dc2659d454"
"yaml","workflow","bmm","bmm/workflows/diagrams/create-wireframe/workflow.yaml","a911af0f55fe43211fe7538731be5cd3ae3b25a01f06b827863ced7d26d7009a"
"yaml","workflow","bmm","bmm/workflows/document-project/workflow.yaml","0d11bd044fc4ecc13bb4722805a5f794100e0c59898622627dbe1b9bcbf82211"
"yaml","workflow","bmm","bmm/workflows/testarch/atdd/workflow.yaml","60a15380d92e7c9c91d8e417a881d57d8e8416e59c9e0345e943fe974dde1467"
"yaml","workflow","bmm","bmm/workflows/testarch/automate/workflow.yaml","0cdc447ef74c108c797c45735ac1498a9e39f0a266880a7698f9e21167ab3b86"
"yaml","workflow","bmm","bmm/workflows/testarch/ci/workflow.yaml","2a82e3c725004e3cbb6bfac86f7f3010c7a99047b0d054fef9532979a6cdcfa4"
"yaml","workflow","bmm","bmm/workflows/testarch/framework/workflow.yaml","ac7436bdf4398acd954ae63b982042690b78e1b02f2ccad27264bee8fe6f1216"
"yaml","workflow","bmm","bmm/workflows/testarch/nfr-assess/workflow.yaml","fa4ea413abc045fbbbaa07700998104c43a0abfafc0d2bf0bb18e5b9d6f29368"
"yaml","workflow","bmm","bmm/workflows/testarch/test-design/workflow.yaml","f1ef5e7d6426ba98e59258402eb72d3f1bd89051e50f8bc0d5cb7775a1901068"
"yaml","workflow","bmm","bmm/workflows/testarch/test-review/workflow.yaml","e9f6110ed4f4c71a9af773523135f01023eda75106fd776ee6295de5b495d4aa"
"yaml","workflow","bmm","bmm/workflows/testarch/trace/workflow.yaml","a790449e44b31f46e9aec7f1c94f172d7f77d3298781dbe0d1aff47b38401f1c"
"yaml","workflow","bmm","bmm/workflows/workflow-status/init/workflow.yaml","e218ee27b40b6757498199819ed96e98c42cf3acf0738eaf65102beca6f0d8ec"
"yaml","workflow","bmm","bmm/workflows/workflow-status/workflow.yaml","61cb833013999b21308dcd3ba24eaa7ef1d022efe7bb01ca83be0bf2af65b324"
"yaml","workflow-status-template","bmm","bmm/workflows/workflow-status/workflow-status-template.yaml","e55fa32fd739c8417358a8232cd405c449bc5b5199ac7369362bf4d0f58e6a09"
"csv","advanced-elicitation-methods","core","core/tasks/advanced-elicitation-methods.csv","5919c987bd12404753cdb21a534619422903210bbb8430da0f91364c36e48b53"
"csv","brain-methods","core","core/workflows/brainstorming/brain-methods.csv","ac6b25211f30e35d0f6390f165d4a68abb66a4553bae039a7162f4e6dd3594d2"
"md","bmad-master","core","core/agents/bmad-master.md","c3d56b247f435bd9207a52ea4c81213f0df7e8f173f7f82c8eb4e7d4c80aa8c7"
"md","excalidraw-helpers","core","core/resources/excalidraw/excalidraw-helpers.md","61cb662ffec6745bba0c734391ebd597e2bc3b1f5858bb9b7a3c9a558f63703d"
"md","library-loader","core","core/resources/excalidraw/library-loader.md","12576c803d557f3397a2a2f46d33969304257b6287c23b55a0e10b5423a335c0"
"md","README","core","core/resources/excalidraw/README.md","9d2300c97af96db953291921350fc9dbbb60487b86e94f266dd48076ce293588"
"md","step-01-agent-loading","core","core/workflows/party-mode/steps/step-01-agent-loading.md","5dd9d69c4d54180bc957f533b5cd439a945e11465a840835d0ecf140f8945612"
"md","step-01-session-setup","core","core/workflows/brainstorming/steps/step-01-session-setup.md","7013bf79d391afe604501b788991014c4c2f204fae49e4cc921978af378278ca"
"md","step-01b-continue","core","core/workflows/brainstorming/steps/step-01b-continue.md","3384963bc096c14aa63921b9f56a6a1df64b42f75b50ed160b48b393b1733782"
"md","step-02-discussion-orchestration","core","core/workflows/party-mode/steps/step-02-discussion-orchestration.md","e16b15bd67620e1cce8034a930f663f7620b6e04549e7995a00d81179268c52f"
"md","step-02a-user-selected","core","core/workflows/brainstorming/steps/step-02a-user-selected.md","3557852f6fe853c4b853a383d73e2c3128838781b6c4f5cdf5c9733a1f1b0dbb"
"md","step-02b-ai-recommended","core","core/workflows/brainstorming/steps/step-02b-ai-recommended.md","8b9469721f4df573ea627b344ee878bacea8341b5a9ef2af3d6066fac01cb110"
"md","step-02c-random-selection","core","core/workflows/brainstorming/steps/step-02c-random-selection.md","a1fbda408db427ba88bb5eac4dbceab2031656e71762cdb3be0d0276509797d4"
"md","step-02d-progressive-flow","core","core/workflows/brainstorming/steps/step-02d-progressive-flow.md","43fb82e1a4bf566d15485ce6c4981853c2c35fab31ce6f9b3f74ceb4599cbd50"
"md","step-03-graceful-exit","core","core/workflows/party-mode/steps/step-03-graceful-exit.md","6034cf3236f70242670da0db405e213d7ca02da04b28dfdfa3f4d819f5e1f850"
"md","step-03-technique-execution","core","core/workflows/brainstorming/steps/step-03-technique-execution.md","528abc421baf5a95f316f165da5b0ac73b53ce23af4a82a9ef75b4b64daea010"
"md","step-04-idea-organization","core","core/workflows/brainstorming/steps/step-04-idea-organization.md","a9b8383947f2e9bec02a3643426dd25907d76e71008f3f0d5a880e722336ec18"
"md","template","core","core/workflows/brainstorming/template.md","5e97222fe960603e2aaa68e8fa23f81a7931e56b21d32d76f02e09d4ace23318"
"md","validate-json-instructions","core","core/resources/excalidraw/validate-json-instructions.md","cc3e8d89ae68ab734afbaad1e07ef4b47334549ce6b812189a2356cf6199626a"
"md","workflow","core","core/workflows/brainstorming/workflow.md","5a805f65b7c91c482de3cb20f13a67cf0be55d3628fe72b12f256bd4164950f2"
"md","workflow","core","core/workflows/party-mode/workflow.md","69de8ab4798300d19bd5406f479646e183851b59953d6b0d072cbe2984a8388e"
"xml","advanced-elicitation","core","core/tasks/advanced-elicitation.xml","6e68f12fc02f52d2aaf0e31d14c9a786095af1e2149ee2dec1dd919141f88332"
"xml","bmad-web-orchestrator.agent","core","core/agents/bmad-web-orchestrator.agent.xml","57cf492d15214276e54994bcde53601e9fa8d8afa3fb40deaedbe63a9f899d88"
"xml","index-docs","core","core/tasks/index-docs.xml","88ba9bd8e6f9c3ef610c26a530cdb90c7b1a41f53f58f74ee14b7a653173525e"
"xml","shard-doc","core","core/tools/shard-doc.xml","092adc2e27e9b18e5a06c1394634d57383eec8eacfeeee76abe9035a316baaa6"
"xml","validate-workflow","core","core/tasks/validate-workflow.xml","4bd89d780fb59486e41227e222b2f9dc86c96c8ed7b03a1709e9c04a340d370c"
"xml","workflow","core","core/tasks/workflow.xml","b0179be1855e5e94259cda8c5e2c4d34ecc95d6007eb521b9c351a5ad6bcca89"
"yaml","bmad-master.agent","core","core/agents/bmad-master.agent.yaml",""
"yaml","config","core","core/config.yaml","51fe422b0bd9ea256a1af4659f9ba42795298ba55a4167090ff31f09213c8742"
"yaml","config","core","core/config.yaml","51fe422b0bd9ea256a1af4659f9ba42795298ba55a4167090ff31f09213c8742"
"yaml","module","core","core/module.yaml","42ef3661ed9ce1337e5bc80ca0078af76299ea7147bc157c8929e5f89e3d6497"
